Food Items,Breakfast,Lunch,Dinner,Snack,Side Dish,Calories,Fats,Proteins,Carbohydrates,Ingredients
Ahi Tuna with Sweet and Spicy Asian Slaw,0,1,1,0,0,828.32,49.69,8.08,72.97,"tropical food's snack mix, ahi tuna, ground pepper, extra virgin olive oil, soy sauce, sesame oil, rice wine vinegar, honey, mayonnaise, lime zest, ginger, garlic, brown sugar, napa cabbage, cabbage, carrots, wasabi peas, sesame seeds, salt"
Aloo Baingan,0,1,1,0,0,180,6,4,22,"Potatoes, eggplant (baingan), onions, tomatoes, garlic, ginger, turmeric, coriander powder, cumin, garam masala, salt, oil."
Aloo Bhujia,0,1,1,0,0,140,8,2,15,"Potatoes, chickpea flour, cumin, coriander, red chili powder, turmeric, salt, oil for frying"
Aloo Gobi (Potato and Cauliflower Curry),0,1,1,0,0,140,5,4,20,"Potatoes, cauliflower, onions, garlic, ginger, tomatoes, cumin, coriander powder, turmeric, chili powder, salt, oil"
Aloo Paratha,1,0,0,0,0,290,12,6,40,"Whole wheat flour, potatoes, onions, green chilies, ginger, coriander, cumin, garam masala, ghee or oil"
Aloo Samosa,0,0,1,1,1,150,8,3,18,"Potatoes, peas, onions, cumin, coriander, turmeric, garam masala, green chilies, ginger, garlic, flour (for pastry)"
Aloo Tikki (Shallow Fried),0,1,1,1,1,180,6,3,22,"Potatoes, peas, onions, green chilies, ginger, garlic, cumin, coriander powder, turmeric, garam masala, breadcrumbs, oil"
Anda Paratha,1,0,0,0,0,290,12,10,35,"Whole wheat flour, water, salt, eggs, onions, green chilies, coriander, ghee or oil"
Apple Slices,1,0,0,1,1,52,0.2,0.3,14,Apples
Asian Bbq Sauce,0,0,0,0,1,1025.85,70.94,7.53,49.32,"brown sugar, oil, curry powder, garlic, ginger, green onions, peanut butter, pepper, sesame seeds, sherry, soy sauce"
Asian Beef,0,1,1,0,0,338.09,10.95,2.69,39.72,"soy sauce, cornstarch, sugar, ginger, flank steak, vegetable oil, bell pepper, pineapple chunks, rice"
Asian Beef with Vegetables,0,1,1,0,0,330.35,21.18,2.48,24.23,"baby corn, beef broth, bell pepper, bottom round, broccoli florets, canola oil, cornstarch, ginger, garlic, bell pepper, cabbage, green onions, onion, bell pepper, sesame oil, soy sauce, of water chestnuts"
Asian Carrot Dressing,0,0,0,0,1,141.95,8.25,1.18,15.03,"carrot juice, ginger, salt, sesame oil, soy sauce, white wine vinegar"
Asian Chicken,0,1,1,0,0,320.06,6.65,0.95,39.4,"firmly brown sugar, cornstarch, vinegar, soy sauce, pineapple chunks, strips, onion rings, oil, chicken breasts"
Asian Chicken and Broccoli With Chili Garlic Sauce,0,1,1,0,0,545.62,9.02,1.85,83.47,"sesame oil, broccoli florets, chicken breast, chicken broth, rice vinegar, mirin, water, chili garlic sauce, fish sauce, soy sauce, cornstarch, green onion, brown basmati rice"
Asian Chicken Noodle Soup,0,1,1,0,0,295.71,15.96,3.51,25.24,"carrot, celery stick, chicken drumsticks and chicken thighs, cinnamon stick, coriander leaves, ginger, olive oil, potato, rice noodles, salt and pepper, shallots, star anise, water, onion"
Asian Chicken Salad,0,1,1,0,0,182.82,9.41,3.27,10.03,"chicken, slivered almonds, pineapple tidbits, green onions, water chestnuts, cream, ground ginger, salt, pepper"
Asian Chickpea Lettuce Wraps,0,1,1,0,0,51.66,2.6,0.35,5.98,"chickpeas, chili sauce, hoison sauce, soy sauce, olive oil, rice vinegar, sugar, pepper flakes, sirachi sauce, basil, romaine leaves"
Asian Coleslaw with Baked Salmon,0,1,1,0,0,687.18,32.86,4.84,58.61,"an avocado, oz. beansprouts, oz. carrot, tbsp chives, oz. corn, juice of lemon, juice of lime, lettuce leaf, limes, tbsp mayonnaise, tbsp japanese mirin, olive oil, salmon filets of 150gr / 5 oz. each, salt and pepper, cut julienne, tsp wasabi paste, tbsp, to finish, to finish"
Asian Flank Steak,0,1,1,0,0,214.39,6.3,2.17,16.28,"barbecue/thick and spicy sauce, garlic clove, green onion, ground ginger, sesame seeds, soy sauce, to"
Asian Green Pea Soup,0,1,1,0,0,273.33,15.66,2.61,25.23,"peas, ginger - remove skin and, garlic - remove skin, coriander leaves, carton milk, drops of virgin olive oil, pepper and salt"
Asian Honey Mustard Salmon On Spinach and Mushrooms,0,1,1,0,0,140.25,8.44,1.25,8.95,"pre-washed baby spinach, creole mustard, garlic, ginger, honey, clean mushrooms, to 8 salmon, salt and pepper, sesame oil, soy, onion"
Asian Honey-Glazed Chicken,0,1,1,0,0,184.79,13.32,3.19,4.13,"to 4 pounds chicken parts, chili paste, mustard, green onions, each: hoisin sauce, honey, rice vinegar, soy sauce, vegetable oil"
Asian Lettuce Wraps,0,1,1,0,0,157.91,2.95,0.64,9.24,"broccoli slaw, chicken stock, coconut aminos, garlic, lettuce, ground ginger, extra-lean ground turkey, lime juice, orange marmalade, sesame oil, tapioca starch, thai fish sauce"
Asian Marinated Chicken Thighs,0,1,1,0,0,501.75,43.98,8.04,2.5,"skin-on chicken thighs, canola oil, asian fish sauce, asian chili flakes, cilantro leaves, garlic cloves, sesame oil, lemon zest, lime zest, pepper, sriracha"
Asian Marinated Eggplant,0,1,1,0,0,24.51,0.79,0.12,3.34,"cilantro, mediums sized eggplants, ginger, parsley) leaves, rice wine vinegar, sesame oil, tamari, inch crosswise into ¼, crosswise into ¼"
Asian Meatballs,0,1,1,0,0,76.31,4.26,1.35,2.54,"duck sauce, egg, egg whites, garlic, green onions, ground chuck, ground ginger, ground turkey, hoisin sauce, soy sauce, panko, pepper flakes, rice vinegar, sesame oil"
Asian Noodle Soup,0,1,1,0,0,61.6,0.72,0.12,9.67,"carrots, celery, dijon mustard, green onion, portobello mushroom cap, oriental ramen noodles, soy sauce, water"
Asian Noodles,0,1,1,0,0,549.17,18.42,3.52,79.79,"carrots, cashews, egg noodles, ginger, shiitake mushrooms, garlic clove, chile pepper, hoisin sauce, peanut oil, bell pepper, rice wine vinegar, scallions, snow peas"
Asian Orange Noodle Salad,0,1,1,0,0,27.06,1.23,0.2,2.9,"canola oil, poached and chicken, chili garlic sauce, cilantro, coleslaw mix, corn, ginger, green onions, jalapeno, orange bell pepper, orange juice concentrate, peanuts, rice vinegar, salad, sesame oil, dressing, soy sauce, box and udon noodles"
Asian Pear and Gorgonzola Salad With Pomegranate Vinaigrette,0,1,1,0,0,77.65,4.87,1.04,7.24,"greens, asian pears, pomegranate seeds, gorgonzola, pistachio nuts, pomegranate seeds, red wine vinegar, sugar, shallots, extra virgin olive oil, kosher salt and cracked pepper"
Asian Shrimp Stir-Fry,0,1,1,0,0,200.54,8.28,0.75,8.44,"canola oil, shrimp, bell pepper, onion, garlic, ginger root, pepper, flavor concentrated seafood broth, soy sauce, sugar, water, sesame oil, sesame seeds, green onion"
Asian Slaw,0,0,0,0,1,462.94,29.15,4.18,36.24,"cabbage, carrots, cayenne pepper, ginger root, mirin, sesame oil, tamari soy sauce"
Asian Style Meatballs,0,1,1,0,0,80.37,5.12,1.78,3.82,"beef, panko breadcrumbs, garlic powder, sesame oil, ground ginger, scallions, egg, water, hoisin sauce, rice vinegar, garlic powder, soy sauce, sesame oil, scallions"
Asian Turkey Lettuce Wraps With Dipping Sauce,0,1,1,0,0,116.53,1.56,0.38,6.3,"mushrooms [i prefer baby bellas but any work], carrots, ginger, full head of garlic [yes this is not a typo, garlic, es full iceberg lettuce leaves. wash carefully and wrap paper towels. place, ground turkey, soy sauce, if you want your dipping sauce spicier add some pepper flakes, season rice wine vinegar, splenda, splenda [or sugar if you wish]"
Asian Vegetable Salad,0,1,1,0,0,40.9,1.38,0.2,5.97,"size bell peppers, carrots, gingerroot, soy sauce, pineapple chunks, sesame oil, sesame seeds, snow peas, bn watercress, white wine vinegar"
Asian Vegetable Stir Fry With Ground Beef,0,1,1,0,0,213.65,12.02,4.08,15.02,"broccoli, brown onion, carrots, cooking oil, cornstarch, eggplant, garlic, ginger, ground beef, kosher salt and pepper, naturally rice vinegar, naturally soy sauce, mexican squash, sugar, sambal oelek, sambal oelek"
Asian-Braised Lamb Shanks,0,1,1,0,0,352.51,7.63,2.37,17.89,"beer, brown sugar, cinnamon, cinnamon stick, extra virgin olive oil, five spice powder, flour, garlic cloves, ginger, lamb shanks, lime juice, pepper flakes, rice wine, salt & pepper, soy sauce, star anise pod, tamarind concentrate"
Asparagus Thai Style With Squids,0,1,1,0,0,191.02,14.32,1.13,13.43,"asparagus, carrot, cooking oil, fish sauce, garlic, sugar, water, squids, squids"
Assam Fish Curry,0,1,1,0,0,415.18,26.71,21.94,12.61,"fish steaks/fillets, capsicum, curry paste, ginger, garlic, tamarind paste, sugar, oyster sauce, long stalks lemon grass, lime leaves, curry leaves, shaoxing huatiao wine, coconut cream, coriander to garnish"
Authentic Jamaican Curry Chicken,0,1,1,0,0,587.13,18.94,6.61,34.4,"allspice, coconut oil, curry powder, garlic, bell pepper, onion, pepper pepper, salt, scallions, scotch bonnet pepper, chicken thighs, sweet potatoes, thyme, water"
Autumn Fried Rice with Buffalo Nuts®,0,1,1,0,0,497.57,17.53,3.07,71.18,"carrots, chicken stock, tropical food's, ginger, garlic, ground cinnamon, ground nutmeg, apples, soy sauce, squash, vegetable oil, rice"
avarakkai paruppu curry recipe,0,1,1,0,0,215.44,12.07,0.91,23.7,"avarakkai / broad beans, chillies nos), coriander seeds, cumin seeds, jaggery, tamarind - lemon size, mustard, oil, oil, pepper corns tsp, salt, tomatoes nos), toor dal cup, turmeric powder tsp"
Avocado Sweet Lassi - How to make Avocado Lassi - Indian Avocado,1,0,0,0,0,80.57,5.02,1.39,8.08,"avocado, yogurt, to .5 cups water, cardamom powder, sugar"
Avocados,1,0,0,0,1,160,15,2,8.5,Avocado
Bagels (Whole Wheat),0,1,1,0,1,250,1.5,10,49,"Whole wheat flour, yeast, sugar, salt, warm water, olive oil, egg wash (optional)"
Baked Indian Samosas,0,0,0,0,1,784.46,48.15,12.23,75.37,"puff pastry, egg, water, russet potato, water, salt, bay leaves, coriander seeds, peppercorns, chili flakes, chicken breast, mango, peas, juice of lime, chipotle sauce, cumin seeds, cilantro leaves, salt and pepper"
Baked Indian Spice Chickpea,0,1,1,0,0,265.13,17.28,2.29,21.89,"chickpeas, olive oil, curry powder, ground ginger, ground coriander, ground cumin, sea salt"
Baked Samosas (Vegetable),0,1,1,1,0,130,3,4,18,"Potatoes, peas, onions, carrots, green chilies, ginger, garlic, cumin, coriander powder, turmeric, chili powder, salt, whole wheat flour (for pastry)"
Baked Seekh Kebabs,0,1,1,0,0,200,7,15,3,"Ground meat (chicken, beef, or mutton), onions, garlic, ginger, cilantro, green chilies, garam masala, cumin, coriander, skewers, oil"
Baked Sweet Potatoes,1,1,1,0,1,86,0.1,2,20,"Sweet potatoes, olive oil, salt, pepper, cinnamon (optional), paprika (optional)."
Bananas,1,0,0,0,1,89,0.3,1.1,23,Banana
Beef and Tomato Curry Over Quinoa,0,1,1,0,0,464.56,19.69,6.59,41.25,"beef chuck roast, curry powder, olive oil, onion, garlic, chile, ginger, mild curry powder, tomato paste, red wine, canned tomatoes, bay leaf, quinoa"
Beef Pulao,0,1,1,0,0,350,20,22,45,"Beef, basmati rice, onions, garlic, ginger, tomatoes, yogurt, garam masala, cumin, cinnamon, cardamom, coriander"
Beef Teriyaki Stir Fry,0,1,1,0,0,413.84,21.46,3.84,25.28,"broccoli florets, brown sugar, cornstarch, sesame oil, flank steak, garlic, ginger, mushrooms, oil, bell pepper, scallions, sesame seeds, soy sauce"
Bhagaray Baingan (Eggplant Curry),0,1,1,0,0,150,5,3,12,"Eggplant (baingan), onions, tomatoes, garlic, ginger, green chilies, cumin, coriander powder, turmeric, chili powder, salt, oil"
Bhindi Masala,0,1,1,0,0,120,4.5,2.5,10,"Okra (bhindi), onions, tomatoes, garlic, ginger, green chilies, cumin seeds, coriander powder, turmeric powder, chili powder, oil, fresh cilantro."
Bibimbab (Korean Rice w Vegetables & Beef),0,1,1,0,0,679.68,31.83,10.63,60.21,"carrots, rice, eggs, cucumber, garlic clove, sprinkle gochugaru, gochujang, olive oil, sesame oil, sesame seeds, soy sauce, spinach, sandwich steaks"
Biryani,0,1,1,0,0,290,8.5,15,35,"Basmati rice, chicken or mutton, onion, garlic, ginger, tomatoes, yogurt, biryani masala, saffron, mint"
Black Quinoa Asian Slaw,0,0,0,0,1,235.11,11.06,1.54,30.02,"carrots, cilantro, ginger, mango, oranges, quinoa, cabbage, rice vinegar, scallions, sesame oil, sesame seeds, sriracha sauce, sugar snap peas, water"
Boiled Chickpeas (Lemon/Spice),1,1,1,1,1,120,1,6,18,"Chickpeas, lemon juice, cumin, coriander powder, chili powder, salt, black pepper, olive oil"
Boiled Egg Curry,0,1,1,0,0,514.96,39.95,5.5,25.49,"canola oil, chilli powder, hardboiled eggs, coriander to garnish, ginger, garam masala, garlic cloves, chillies, ground coriander, ground cumin, onions, salt, big tomatoes, turmeric powder"
Boiled Egg Salad,1,0,1,0,1,150,11,12,1,"Boiled eggs, lettuce, cucumber, tomatoes, onions, olive oil, lemon juice, salt, pepper."
Broccoli (Steamed),0,1,1,0,1,55,0.6,4.2,11,"Broccoli, water, salt, olive oil (optional), lemon juice (optional)."
Butter Chicken,0,1,1,0,0,652.61,56.99,33.49,29.76,"chicken thighs, buttermilk, garlic, salt, pepper, cayenne pepper, ground coriander, cumin, cardamom, oil, onion, butter, lemon juice, ginger, garlic cloves, garam masala, bay leaf, tomato sauce, canned tomatoes, whipping cream, cilantro"
Carrots (Raw),1,1,1,0,1,25,0.1,0.6,6,Carrots
Cashew Butter Chicken,0,1,1,0,0,431.13,23.87,3.43,7.19,"cayenne pepper, cumin seeds, fenugreek leaves, coriander, garam masala, garlic, ginger, ground coriander, ground cumin, oil, cooking onion, yogurt, plum tomatoes, salt, chicken thighs, turmeric"
Cauliflower Curry,0,1,1,0,0,88,5,3,10,"Cauliflower, onions, tomatoes, garlic, ginger, green chilies, cumin seeds, coriander powder, turmeric powder, garam masala, chili powder, salt, oil, fresh cilantro (for garnish)."
"Cauliflower, Brown Rice, and Vegetable Fried Rice",0,1,1,0,0,248.3,12.96,4.18,28.91,"grapeseed oil, coconut oil, scallions, garlic, cauliflower, brown rice, broccoli, peas, soy sauce, sesame oil, sesame seeds, additional scallion tops, salt"
Chai (Sweetened),1,0,0,1,1,90,3,2,15,"Black tea, sugar, milk, cardamom, cloves, cinnamon, ginger, water"
Chai Pani’s Malabar Chicken Curry,0,1,1,0,0,543.76,26.49,14.93,25.16,"chicken breast, chiles, chili powder, cilantro, curry leaves, fenugreek seeds, ginger, ground coriander, lime juice, mustard seeds, onion, salt, tomatoes, turmeric, coconut milk, vegetable oil"
Chana Chaat,0,1,0,1,1,140,2.6,8,27,"Chickpeas, onion, tomato, cucumber, green chilies, cilantro, lemon juice, chat masala, cumin powder"
Chana Daal,0,1,1,0,0,230,4,12,30,"Chana dal (split chickpeas), onions, garlic, ginger, tomatoes, cumin seeds, coriander powder, turmeric powder, chili powder, salt, oil."
Chana Masala in Minty Yogurt sauce,0,1,1,0,0,661.39,27.59,4.62,81.45,"bay leaf, chickpeas, chana masala powder, coriander powder, cumin seeds, garlic, ginger, mint leaves, oil, onion, chili powder, salt, tomatoes, turmeric powder, yogurt"
"Channa-Chickpea, Potato & Cauliflower Curry",0,1,1,0,0,143.74,5.11,0.54,21.4,"sunflower oil, onion- thinly, garlic-minced, ginger-minced, tumeric, ground cumin, fenugreek, cumin seeds, curry powder, paprika, potatoes-peeled, water-to cover, chickpeas-drained, cauliflower-cut into florets, sea salt, apple cider vinegar, sugar"
Chapchae (Korean Stir-Fried Noodles),0,1,1,0,0,396.6,14.54,2.04,63.88,"sweet potato vermicelli noodles, onion, garlic, baby spinach, carrots, scallions, mushrooms, zucchini, olive oil, sesame oil, soy sauce, sugar, salt"
Chapli Kebab (Grilled),0,1,1,0,0,180,7,15,2,"Ground meat (beef or mutton), onions, tomatoes, green chilies, cilantro, ginger, garlic, cumin, coriander, garam masala, egg, flour"
chettinad egg curry,0,1,1,0,0,208.4,14.87,3.59,12.36,"cardamoms/ elaichi, to 5 chilies, cinnamon stick, coconut or, coriander seeds, cumin, curry leaves, eggs, coriander leaves, ginger garlic paste, oil, onion, pepper, poppy seeds, salt, tomatoes"
Chicken and Miso Ramen Noodle Soup,0,1,1,0,0,727.45,17.71,4.33,93.31,"angel hair pasta, baby carrot, hardboiled eggs, ginger root, low salt chicken stock, miso paste, nori, onion, sesame seeds, chicken breast, spring onion"
Chicken Corn Soup,1,1,1,0,1,120,2,8,12,"Chicken, corn, carrots, celery, garlic, ginger, chicken broth, soy sauce, salt, pepper, corn starch"
Chicken Jalfrezi,0,1,1,0,0,190,5,20,5,"Chicken, onions, bell peppers, tomatoes, garlic, ginger, green chilies, cumin, coriander, turmeric, garam masala, chili powder, salt, oil"
Chicken Karahi,0,1,1,0,0,280,15,25,10,"Chicken, ginger, garlic, onions, tomatoes, green chilies, coriander, garam masala, oil, cumin seeds"
Chicken Karahi (Spicy),0,1,1,0,0,280,15,25,10,"Chicken, ginger, garlic, onions, tomatoes, green chilies, coriander, garam masala, cumin seeds, red chili powder, oil"
Chicken Sandwich,1,0,0,1,1,250,10,15,30,"Bread, chicken breast, mayonnaise, lettuce, tomatoes, cheese, mustard, salt, pepper"
Chicken Spring Rolls,0,1,1,0,0,336.64,11.24,2.93,32.45,"broccoli slaw, garlic clove, ground chicken, ground pepper, ketchup, rice paper wrappers, rice wine vinegar, soy sauce, soy sauce, soy sauce, sriracha sauce, stevia, chili sauce, vegetable oil, water"
Chicken Teriyaki with Soba Noodles,0,1,1,0,0,695.67,15.8,2.43,101.11,"brown sugar, cornstarch, garlic, ginger, green onion, lemon juice, soy sauce, mirin, sesame oil, sesame seeds, shiitake mushrooms, chicken breasts, soba noodles, sriracha"
Chicken Tikka Masala Indian,0,1,1,0,0,877.26,29.46,7.15,86.68,"chicken breasts, onion, 4 garlic, ginger powder, tomato puree, ground turmeric, ground cumin, garam masala, paprika, cayenne, yogurt, butter, salt and pepper, canola oil, loaves ready-made naan, cilantro"
Chicken Yakhni Soup,0,1,1,0,1,120,3,10,3,"Chicken, water, onions, garlic, ginger, cinnamon, cloves, cardamom, bay leaves, black pepper, salt."
Chickpea and Pumpkin Curry,0,1,1,0,0,270.1,11.9,4.9,36.47,"bay leaves, chunky cut carrot, chickpeas, chili, coconut milk, coriander powder, curry powder, ginger, garlic, oil, onion, pumpkin, turmeric, water"
Chili Chicken,0,1,1,0,0,300,10,25,15,"Chicken, onions, bell peppers, green chilies, ginger, garlic, soy sauce, vinegar, chili sauce, corn flour, oil"
Chinese Bbq Pork Ribs,0,1,1,0,0,288.68,17.18,5.77,15.12,"baby back rib, honey, sauce a, salt, sugar, five spices, sar cheong powder, cooking wine, garlic powder, cinnamon, sauce b, hoisin sauce, ground bean paste, sesame seed paste, sugar, preserved beancurd, garlic, shallots"
Chinese Chicken Salad With Chipotle Dressing,0,1,1,0,0,779.91,45.77,7.43,48.01,"pea-mond dressing, rice wine vinegar, smooth peanut butter, smooth almond butter, ginger, adobo chipotle pepper juice, adobo chipotle pepper puree, soy sauce, honey, sesame oil, canola oil, salt and pepper, salad, napa cabbage, romaine lettuce, carrots, snow peas, cilantro leaves, green onion, rotisserie chicken, roasted peanuts, mint leaves, chili oil, lime"
Chinese Chicken Salad With Creamy Soy Dressing,0,1,1,0,0,316.27,6.91,1.5,11.35,"bell pepper, carrot, mayonnaise, ginger root, green onions, soy sauce, chicken breast, snow peas, torn spinach leaves"
Chinese Hot Pots Gluten-Free and Low-Carb,0,1,1,0,0,310.63,13.52,3.4,27.59,"chicken stock, water, rice vinegar, soy sauce, sesame oil, ginger, garlic cloves, chicken thighs, rice stick noodles, of green onions, mung bean sprouts, mushrooms, baby bok choy, chile-garlic paste"
Chinese Potstickers,0,0,0,0,0,135.09,4.74,1.11,18.27,"ground pork, water chestnuts, sea salt, sugar, ground pepper, soy sauce, sesame oil, shaoxing huatiao wine, scallions, dumpling wrappers, flour to dust, vegetable oil, water"
Chinese Scallion Pancakes,0,1,1,0,0,594.45,26.23,2.97,78.07,"flour, salt, water, green onions, sesame seed oil, oil"
Chinese Steamed Flan,0,0,0,0,1,251.51,6.29,2.58,42.85,"eggs, granulated sugar, granulated sugar, strawberries, vanilla, milk"
Chinese Style Chicken and Noodle Stir Fry,0,1,1,0,0,469.37,10.01,1.71,62.7,"chow mein noodles, chicken broth, sugar, oyster sauce, soy sauce, water, vegetable oil, garlic, ginger, chicken thighs, onion, bell pepper, carrots, sugar snap peas"
Chinese Style Stewed Meatballs,0,1,1,0,0,440.28,31.76,10.16,12.29,"ground beef, ground pork, water, canola oil, napa cabbage, beef stock, green onion, ginger, egg, baking soda, soy sauce, salt, shaoxing wine, cornstarch, soy sauce, sugar, cornstarch, sesame oil"
Chinese Veg Fried rice,0,1,1,0,0,430.85,7.71,1.17,81.04,"basmati rice, garlic if you prefer. at home garlic is used to a minimum and barely a hint, chillis, olive oil, pepper flakes, pepper powder, salt, soy sauce to give a stronger colour but we prefer the rice to remain little and dont really care, spring onions, greens of spring onions, chilli sauce if you prefer a spicier one"
Cholay (Chickpeas),0,1,1,0,1,160,3,8,25,"Chickpeas, onions, tomatoes, garlic, ginger, green chilies, cumin seeds, coriander powder, turmeric powder, garam masala, chili powder, oil, fresh cilantro."
Coconut Chow Mein Butterscotch Cookies,1,0,0,0,0,208.3,10.13,7.44,27.17,"butter, brown sugar, granulated sugar, egg, vanilla extract, flour, baking soda, salt, coconut flakes, chow mein noodles, butterscotch morsels, flaky sea salt"
Coconut Curry Ramen Noodles,0,1,1,0,0,630.04,32.09,22.48,75.09,"mushrooms, soy sauce, ginger, curry powder, chili sauce, maple syrup, vegetable stock, curry paste, coconut milk, onion, block tofu, rice noodles, coriander, spring onions, sesame seeds"
Coconut Prawn Curry,0,1,1,0,0,143.63,6.64,5.46,4.44,"shell on prawns, onion, coconut milk, turmeric powder, fennel seeds, garam masala, curry leaves, salt& sugar, chilli/ coriander, garlic cloves, ginger, salt"
Coconut Vegetable Curry Over Quinoa,0,1,1,0,0,459.4,20.9,17.4,56.66,"coconut oil, garlic clove, ginger, green onion, kettle & fire beef bone broth, zucchini, sweet potatoes, coconut milk, garam masala, sea salt, pepper, parsley, quinoa"
Couscous Biryani,0,1,1,0,0,436.01,8.19,1.29,75.19,"broccoli, carrots, chili powder, cinnamon stick, couscous, curry powder, cilantro, mint, garam masala, garlic cloves, cardamom pods, chilies, onion, peas, roasted peanuts, salt, turmeric"
Crab Wontons,0,0,0,0,1,46.53,0.81,0.18,5.41,"crabmeat, cream cheese, reduced fat mayonnaise, soy sauce, garlic, onion powder, ground pepper, won ton wrappers"
Creamy Chicken Tikka Masala,0,1,1,0,0,567.15,49.3,30.11,10.34,"pepper, tomato sauce, cayenne pepper, cilantro, ginger, garlic, ground cinnamon, ground cumin, heavy cream, jalapeno pepper, lemon juice, paprika, salt, chicken breasts, butter, yogurt"
Creamy Curry Chicken With Yellow Rice,0,1,1,0,0,335.39,30.09,19.18,17.84,"olive oil, onion, garlic cloves, ground cumin, ground turmeric, ground coriander, garam masala, ground ginger, coconut milk, tomatoes, lemon juice, brown sugar, corn starch, salt, cilantro, wholes, wholes"
Creamy Maharashtrian Chole,0,1,1,0,0,165.01,6.21,1.33,23.27,"chick peas, onion, beefsteak tomato, mustard seeds, garam masala, garlic, ginger, cream, turmeric, chili powder, couple water, salt, coarse pepper- few grinds, cilantro, onion, peppers, pam- original, vegetable oil"
Crock Pot Chicken Pho,0,1,1,0,0,538.22,9.78,2.35,69.97,"chicken stock, chicken breasts, brown sugar, fish sauce, cinnamon stick, star anise, ginger, cloves, rice noodles, bok choy, bean sprouts, basil leaves, jalapeños, lime"
Crock-Pot: Asian-Style Country Ribs with Black Bean Garlic Sauce,0,1,1,0,0,732.03,58.28,18.28,11.17,"black bean garlic sauce from a jar, chicken stock, cornstarch, country, sesame oil, garlic, ginger root, honey, coarsely cracked pepper, pork ribs, soy salt, tablespoons scallions"
Cucumber and Tomato Salad,1,0,0,1,1,40,0,1,8,"Cucumber, tomatoes, onions, cilantro, lemon juice, salt, black pepper, green chilies (optional)"
Cucumber Salad,1,1,1,0,1,16,0.1,0.7,3.6,"Cucumber, onions (sliced), tomatoes (optional), cilantro, lemon juice, salt, black pepper, green chilies (optional)."
Curry and Sage Roast Chicken,0,1,1,0,0,564.52,39.45,9.76,15.81,"curry, sage, garlic - &, honey, juice of lemon, juice of orange, olive oil, pepper, turmeric, chicken"
Curry Beef Over Rice Noodles,0,1,1,0,0,658.84,20.44,5.24,55.42,"curry powder, ginger, garlic, lime juice, onions, rice noodles, natural roasted peanuts, angus inside round steak, soy sauce, sambal oelek, sambal oelek"
Curry Chicken Salad,0,1,1,0,0,682.54,52.87,9.54,16.53,"chicken, carrot, celery, cucumber, madras curry powder, mayonnaise, grapes, salad greens, turmeric powder"
Curry Crackers,0,0,0,0,1,267.15,12.22,7.34,34.81,"all purpose flour, curry powder, ground ginger, salt, granulated sugar, butter, water, coarse salt"
Curry Fish With Peas,0,1,1,0,0,554.25,5.5,0.75,74.78,"rice, cornstarch, curry powder, alaska pollock fillet, peas, ketchup, oil, onion, rice wine, salt, sugar, water, pepper"
Curry Mee Noodle Soup,0,1,1,0,0,461.39,22.92,15.18,46.56,"vegetable oil, onion, ginger, lemon grass, garlic, vietnamese chili garlic sauce, chicken breast, curry powder, paprika, coconut milk, vegetable stock, ground turmeric, fish sauce, sugar, asian noodles, salt, cilantro, scallions, limes"
Curry Mussels,0,1,1,0,0,742.88,33.23,10.62,31.75,"mussels, onion, wine, crème fraiche, curry powder, cayenne pepper, parsley, olive oil, salt and pepper"
Curry Spiced Carrots,0,0,0,0,1,220.36,18.26,2.55,12.26,"carrots - tops and carrots, cilantro, curry powder, garlic cloves, kosher salt and pepper, lemon juice, lime wedges, olive oil, greek yogurt, turmeric"
Curry-Braised Chicken,0,1,1,0,0,565.06,32.96,22.65,51.34,"basmati rice, brown sugar, fish sauce, lime juice, bell pepper, salt, chicken breasts, coconut milk, vegetable oil, curry paste"
Daal (Lentils),0,1,1,0,0,160,4,8,20,"Lentils (yellow, red, or green), onions, garlic, ginger, cumin, turmeric, coriander, tomatoes, ghee or oil"
Daal Palak,0,1,1,0,0,180,4,9,20,"Lentils (yellow or green), spinach, onions, garlic, ginger, cumin seeds, turmeric powder, coriander powder, garam masala, ghee or oil, salt."
Dak Bulgogi - Korean BBQ Chicken,0,1,1,0,0,557.24,39.21,10.38,9.91,"apple, boston bibb lettuce, brown sugar, chicken thighs, garlic cloves, ginger, pepper flakes, scallions, sesame oil, sesame seeds, soy sauce"
Dal Chawal,0,1,1,0,0,220,4,6,30,"Lentils (yellow or green), rice, onions (chopped), garlic (minced), cumin seeds, coriander powder, turmeric powder, tomatoes (chopped), ghee or oil, salt and pepper, fresh cilantro (for garnish)."
Donkatsu - Korean Breaded Pork Cutlet,0,1,1,0,0,556.81,27.21,6.51,38,"cabbage, carrot, eggs, flour, katsu sauce, panko bread crumbs, pork chops, salt and pepper, vegetable oil"
Doodhi Sabzi (Bottle Gourd Curry),0,1,1,0,0,90,2,4,12,"Bottle gourd (doodhi), onions, tomatoes, garlic, ginger, cumin, coriander powder, turmeric, chili powder, salt, oil"
Easy Asian Sweet Chili Chicken Meatballs,0,1,1,0,0,233.59,7.45,2.02,27.63,"bell pepper, cabbage, carrot, cornstarch, egg, ginger, garlic powder, green onion sprigs, ground chicken, honey, soy sauce, onion powder, pineapple juice, pepper flakes, rice wine vinegar, teriyaki sauce, bread crumbs"
Easy Chicken Tandoori,0,1,1,0,0,236.12,8.74,2.12,24.91,"chicken, tikka tandoori paste, coriander leaves, greek yogurt, onions, tomatoes"
Easy Chicken Tikka Masala,0,1,1,0,0,371.05,19.97,3.03,8.84,"chicken breasts, grape seed oil, onion, garlic, garam masala, cumin, coriander, turmeric, cardamon, cinnamon, ginger, cayenne, paprika, tomato paste, tomato, water, yogurt, coriander, salt"
Easy Eggplant Curry,0,1,1,0,0,139.06,7.62,1.15,17.89,"eggplants, ghee/vegetable oil, onion, centimeters piece of ginger, garlic, fennel seeds, cumin seeds/ground cumin, ground coriander, ground turmeric, a pinch of chilli powder, sea salt, tomatoes"
Easy Korean Beef,0,1,1,0,0,326.35,12.31,4.08,19.79,"brown sugar, pepper, ginger, garlic, green onions, ground beef, salt and pepper, sesame oil, soy sauce"
Easy Naan Bread with Garlic Butter,0,0,0,0,1,256.41,12.02,5.49,31.3,"warm water, granulated sugar, active yeast, flour, yogurt, salt, olive oil, egg, butter, garlic, torn into pieces"
Easy To Make Spring Rolls,0,0,0,0,1,161.61,2,0.14,28.28,"you can use regular basil, boston lettuce, chili pepper, fish sauce, coriander leaves, garlic, lime juice, mint leaves, bell pepper, rice vinegar, shrimp, spring roll wrappers, sugar, water, nuoc cham, nuoc cham"
Easy Vegetable Fried Rice,0,1,1,0,0,235.37,9.64,3.03,30.2,"broccoli, butter, carrots, rice, egg, garlic, ginger, green beans, peas, sesame oil, soy sauce, sugar"
Eggplant Curry,0,1,1,0,0,265.86,14,10.98,30.33,"cayenne pepper, coconut milk, cumin, eggplants, garlic, ginger, greek yogurt, ground coriander, heirloom tomatoes, pepper flakes, salt, turmeric, onions"
Ethiopian Lentil Curry,0,1,1,0,0,284.63,6.37,1.18,44.5,"amchar masala, brown lentils, canned tomatoes, cauliflower head, garlic cloves, onion, peas, yogurt, masala molida, tomato paste, vegetable oil"
Express Chicken Curry,0,1,1,0,0,318.21,17.45,7.05,18.42,"chicken breast, curry powder, potato, olive oil, meat curry paste, fried tofu each piece, onion, garlic, water, coconut milk"
Fenugreek Roti,1,1,1,0,0,79.58,1.55,0.33,12.53,"ajwain seeds, asafetida, baking soda, cayenne, chickpea flour, chili powder, fenugreek leaves, ghee, ground coriander, ground cumin, yogurt, sea salt, flour"
Fish Curry,0,1,1,0,0,220,10,22,8,"Fish (typically white fish), onions, tomatoes, ginger, garlic, curry leaves, coconut milk, turmeric, chili powder, garam masala"
Fish Fillet In Creamy Coconut Curry,0,1,1,0,0,349.7,20.53,11.45,20.88,"canned tomatoes, coconut milk, coriander powder, cumin, indian curry leaves, chillies, lingcod fillet, garlic, ginger, chilies, kabocha squash, oil, onion, parsley, tamarind paste, tumeric powder"
Five Spice Chinese Pork Stew,0,1,1,0,0,125.3,5.16,0.84,14.63,"pork paikut, water enough, five spice powder, cracked pepper, iodized salt, bay leaves, celery stalks, vegetable oil, garlic, shallots/sibuyas na pula, onion, honey, apple cider vinegar, soy sauce, pork stock, ginger, anise seed, cracked pepper, mushrooms"
Fragrance Is In The Air: Asian Noodle Shrimp Soup,0,1,1,0,0,476.21,10.79,2.08,64.13,"ginger, peanut oil, onion, cinnamon sticks, star anise, garlic cloves, asian chili garlic paste, chicken stock/broth, sherry 1 tbsp. honey, water, shrimp, baby bok choy, asian soba wheat, green onions, to"
Fried Rice - Chinese comfort food,0,1,1,0,0,422.1,18.88,5.87,46.9,"rice, onion, spring onions, eggs, rashers bacon, vegetables from the freezer, soy sauce, soy sauce, sesame oil, bell pepper"
Fried Stuffed Wontons with Healthy Dark Chocolate,0,0,0,0,1,313.21,24.02,3.2,19.89,"almonds, chicken breast, egg, bell pepper, salt, vegetable oil, xocai nuggets, water, wonton"
Fried Xocai Healthy Chocolate Stuffed Wontons,0,0,0,0,1,196.6,9.65,1.68,11.85,"almonds ), chicken breasts, chocolate, eggs, pepper, salt, water, wonton wrappers"
Gajar Halwa,0,0,1,1,1,150,7,2,20,"Carrots, milk, sugar, ghee, cardamom, almonds, pistachios, raisins"
Galbi Tang (Korean Beef Short Ribs Soup),0,1,1,0,0,454.64,21.41,8.21,27.17,"beef short ribs, korea radish, glass noodles, sea salt, scallions, egg strips, sesame seeds, soy sauce, sesame oil, garlic, ground pepper"
Garlic-Butter Naan,0,0,0,0,1,461.89,21.67,5.22,56.13,"ice water, nonfat greek yogurt, canola oil, egg yolk, flour, sugar, rapid-rise yeast, salt, butter, garlic"
Garlicky Mussels With Curry Cream,0,1,1,0,0,81.67,7.35,5.38,1.58,"butter, coconut milk, curry powder, wine, cilantro, garlic cloves, bag bearded mussels"
Gluten Free Dairy Free Sugar Free Chinese Chicken Salad,0,1,1,0,0,363.77,15.42,2.62,28.7,"apple cider vinegar, pepper, sesame seeds, carrots, extra virgin olive oil, cabbage, kosher salt, satsuma mandarins, cabbage, chicken breasts roasted, romaine lettuce hearts, scallions, sesame oil, juice of 1 mandarin (cut crosswise then tablespoon into jar over a strainer), sesame seeds, xylitol"
Gluten Free Vegetarian Spring Rolls With Thai-Style Peanut Sauce,0,0,0,0,1,90.98,6.16,1.3,7.06,"rice vermicelli, carrots, cabbage, scallions, basil leaves, mint leaves, cilantro, peanuts, ginger, soy sauce, lime juice, sesame seed oil, es round spring roll wrappers, warm water, sugar, creamy peanut butter, soy sauce, coconut milk, lime juice, chili paste depending on your taste pref, garlic"
Green Curry Chicken Salad,0,1,1,0,0,663.66,33.3,7.19,26.15,"fish sauce, granny smith apple, green onion, juice of lime, mayonnaise, roasted chicken, romaine lettuce, thai curry paste"
Green Mango Salad - Thai Side Dish,0,0,0,0,1,213.1,1.39,0.26,50.66,"chilies, fish sauce, juice of lime, lettuce, mango., sugar, wholes tomatoes"
Green Thai Curry with Beef,0,1,1,0,0,658.52,45.98,25.26,27.39,"baby bok choy, coconut milk, carrots, curry powder, fish sauce, flank steak, garlic, lemon juice, ground lemongrass, oil, onions, orange pepper, oyster mushrooms, bell pepper, rice wine vinegar, snap peas, soy sauce, bell pepper"
Grilled Chicken Banh Mi,0,1,1,0,0,448.19,14.25,2.05,51.51,"fish sauce, lime juice, sugar, garlic, jalapeno, salt, chicken breasts, tap water, rice vinegar, salt, pepper, carrots, daikon radishes, sub rolls, mayonnaise, cucumber, cilantro leaves, jalapeno"
Grilled Chicken Salad,0,1,1,0,0,230,7,30,10,"Chicken breast (grilled), lettuce, cucumber, tomatoes, red onion, avocado, olive oil, lemon juice, salt, pepper."
Grilled Chicken Skewers with Asian Flavors,0,1,1,0,0,560.29,14.68,2.67,53.31,"brown rice, ginger, garlic, pineapple chunks, onion, pepper flakes, salt & pepper flakes, scallion, sesame oil, chicken breasts, soy sauce, sugar, chili sauce, vegetable oil, zucchini"
Grilled Chicken Tikka,0,1,1,0,0,220,8,25,2,"Chicken, yogurt, ginger-garlic paste, tandoori masala, red chili powder, turmeric, garam masala, lemon juice, salt"
Grilled Masala Prawns With Pineapple-Mint Raita,0,1,1,0,0,206.39,16.08,2.16,14.79,"capsicums-seeded& cut to bite size wedges, mint leaves, chillies, salt, ground pepper, ground tumeric, pounded garlic 2 honey, extra mint, natural yoghurt-unsweetened, oil, pineapple, salt"
Grilled Seekh Kebabs,0,1,1,0,0,220,10,20,3,"Ground meat (beef, chicken, or mutton), onions, garlic, ginger, green chilies, cilantro, garam masala, cumin powder, coriander powder, skewers, oil."
Grilled Zucchini,0,1,1,0,0,18,0.1,1.3,3.1,"Zucchini, olive oil, salt, pepper, garlic powder, lemon juice, fresh herbs (optional)."
Ground Pork Ramen,0,1,1,0,0,548.25,33.65,10.96,47.52,"ramen, vegetable oil, ground pork, celery, garlic, oyster sauce, soy sauce, chili paste, cilantro, lime wedges"
Gujarati Dry Mung Bean Curry,0,1,1,0,0,375.59,5.15,0.68,66.07,"baking powder, chillies, cinnamon powder, coriander, cumin seeds, curry leaves, garlic, lemon juice or, mung beans, mustard seeds, salt, sugar, sunflower oil, tomato, turmeric"
Gulab Jamun,0,0,0,1,1,150,7,2,20,"Milk powder, flour, ghee, sugar, water, rose water or cardamom, oil (for frying)"
Halibut W/ Coconut and Green Curry,0,1,1,0,0,468.89,39.62,23.59,18.47,"brown sugar, coconut milk, cilantro sprigs, basil, curry paste, halibut filet, lime juice, lime zest, olive oil, bell pepper, sal & pepper, shallot, shiitake mushrooms, soy sauce, sriracha, vegetable stock"
Halwa,0,0,0,1,1,120,5,2,15,"Carrots (grated), milk, sugar, ghee (clarified butter), cardamom, almonds (chopped), pistachios (chopped), raisins (optional)."
Halwa Puri,1,0,0,0,0,450,20,6,50,"Whole wheat flour, ghee, sugar, cardamom, water, flour for puris, and a pinch of salt"
Healthier Pork Fried Rice,0,1,1,0,0,522.2,12.43,3.06,75.03,"rice, ginger, pork tenderloin, garlic powder, onion powder, ground ginger, ground pepper, salt, olive oil, garlic cloves, ginger, green onion, peas and carrots, eggs, soy sauce, hoisin"
Healthy Cabbage Soup with Spicy Kimchi,1,1,1,0,0,346.11,20.45,5.69,29.06,"olive oil, onion, ground pork, garlic cloves, ginger, cabbage, soy sauce, fish sauce, sesame oil, spicy kimchi juice and all, chicken bone broth, scallions"
Healthy Tomato Soup with Coconut and Curry,1,1,1,0,0,228.58,15.9,12.16,18.84,"coconut oil, onion, bell pepper, carrot, kosher salt, garlic clove, canned tomatoes, curry powder, chicken bone broth, coconut milk, lime, pepper, microgreens, hemp seeds"
Homemade Creamy Ramen Soup,0,1,1,0,0,236.66,4.59,0.63,46.62,"carrots, celery seed, extra virgin olive oil, garlic, flour, kombu, onions, poultry seasoning, rice milk, asian rice noodles, real salt sea salt, turmeric, vegetable broth, water"
Hyderabadi Chicken Curry,0,1,1,0,0,527.81,34.58,17.5,14.77,"chicken breasts, onion, chili, ginger paste, garlic paste, chili powder, turmeric powder, salt, ghee, cardamom, cinnamon stick, bay leaf, yogurt, cilantro, cashew nuts, roasted poppy seeds, saffron strands, milk"
Indian Asparagus with Ginger & Lime,0,0,0,0,1,148.14,11,1.52,11.61,"asparagus spears, chili powder, cumin seeds, ginger, lime juice, mustard seeds, olive oil, salt, shallots, sugar"
Indian Butter Chicken,0,1,1,0,0,24.4,1.36,0.53,0.84,"butter, chicken breasts, chicken broth, garam masala, garlic, ginger, lemon, oil, yogurt, salt and pepper, cream, tomatoes"
Indian Lentil Dahl,0,1,1,0,0,400.23,19.87,11.32,41.65,"canola oil, cilantro, coconut milk, ginger, garam masala, garlic cloves, lime juice, onion, plum tomatoes, lentils, salt, water"
Indian Spiced Red Lentil Soup,0,1,1,0,0,220.6,5.58,0.58,30.98,"water, cilantro steams, lentils, vegetable bullion cubes, onion, garlic cloves, ginger, serrano chilis, tomatoes, turmeric, garam masala, coriander seeds, cumin seeds, teaspoon sea salt or, expeller grapeseed oil"
"Indian Sweet Jackfruit Dessert [Paleo, AIP]",1,0,0,0,0,103.93,6.84,5.69,11.44,"jackfruit segents, honey, coconut flour, salt, coconut oil, coconut oil to cook in"
Indian Tandoori Chicken,0,1,1,0,0,257.21,13.53,3.02,5.96,"chicken drumsticks [bone in works best], canola oil, yogurt, lemon juice [preferably freshly squeezed], chili powder [or cayenne powder], oil, coriander powder, garlic paste, ginger paste, turmeric powder, fenugreek leaves [kasuri methi, ground cumin powder, ground cinnamon, salt, orange food color [optional]"
Indian-Inspired Lentil Soup,0,1,1,0,0,109.86,2.49,0.33,16.08,"olive oil, onion, garlic, canned tomatoes, chicken broth, curly parsley, of lentil, garam masala powder, curry powder, chili flakes if desired, lemon"
Indian-Spiced Ground Beef Main Dish,0,1,1,0,0,465.67,35.89,10.83,11.67,"canola oil, chilli powder, cilantro, cinnamon stick, mint leaves, spinach, garam masala, garlic glove, ginger paste, cardamom pods, chillies, ground beef, ground cumin, ground pepper, onion, yogurt, salt"
Indian-Style Dill and Turmeric Potato Salad,0,0,0,0,1,416.13,14.5,2.04,65.96,"of chilli flakes, dill, garlic, olive oil, potatoes, salt, turmeric powder"
Indian-Style Eggs On Toast,1,0,0,0,0,379.42,12.36,3.38,45.73,"bread, eggs, onion, tomato, turmeric powder, coriander leaves, salt and pepper"
Indian-Style Pumpkin Side Dish,0,0,0,0,1,53.88,0.96,0.13,11.21,"coriander powder, curry leaves, chili peppers, ginger, mustard seeds, onions, pumpkin, turmeric powder"
Instant Pot Pork Tenderloin Teriyaki,0,1,1,0,0,538.11,14.47,2.82,56.84,"canola oil, pork tenderloins, amounts of salt and pepper, teriyaki sauce, sesame seeds, green onions, jasmine rice, broccoli"
Japanese Chicken Donburi,0,1,1,0,0,626.29,19.37,3.41,86.77,"baby spinach leaves, boned skinned chicken breast, rice, eggs, fat-skimmed chicken broth, ginger, onion, roma tomato, salad oil, soy sauce, sugar"
Japanese Chiffon Cake,1,0,0,0,0,357.1,28.8,16.96,21.15,"butter, cornflour, liquid cream, block cream cheese, eggs, flour, caster sugar"
Japanese Clear Soup,0,0,0,0,1,200.71,7.43,1.29,14.53,"carrot, chicken stock, sherry, green onion, lemon, mushrooms, soy sauce, block tofu, tofu"
Japanese Cucumber Salad,0,0,0,0,1,25.7,1.1,0.17,3.61,"cucumber, green onions, rice wine vinegar, sesame oil, soy sauce, pkt sugar substitute"
Japanese Curry Puffs,0,0,0,0,1,814.7,50.4,12.12,80.09,"carrots, potatoes, onion, japanese curry, water, oil, puff pastry dough sheets"
Japanese Gyoza Pot Stickers,0,0,0,0,1,449.89,41.82,7.73,6.1,"pepper, cabbage, chili sesame oil, mushrooms soaked in warm 2 teaspoons ginger root, to 4 green onions, ground beef, salad oil, sesame oil, kikkoman soy sauce, kkikkoman soy sauce, cooking wine, gy a wrappers"
Japanese Mabo Tofu With Eggplant,0,1,1,0,0,397.26,28.11,7.65,16.16,"japanese rice, eggplant, onion, ginger, garlic cloves, ground beef, spring onions, oil, sesame oil, soy sauce, cooking sake, sugar, water, to-ban-jan"
Japanese Pickles,0,0,0,0,1,41.13,0.35,0.04,8.67,"chili peppers, japanese cucumbers, cilantro, onion, rice syrup, rice vinegar, salt"
Japanese Steak Salad,0,1,1,0,0,147.74,4.06,1.04,11.48,"well-trimmed beef top sirloin 3 cups napa cabbage, carrots, rice, cucumber, sherry, ginger, green onion, hoisin sauce, soy sauce, oriental roasted sesame oil, pea pods, radishes, rice wine vinegar, romaine lettuce, sugar, water"
Japanese Steamed Sweetcorn Bun,1,0,0,0,0,163.45,4.05,0.39,29.18,"cake/plain flour, baking powder, caster sugar, egg, water, fresh/frozen sweetcorn kernels, vegetable/corn oil"
Japanese Sushi,0,1,1,0,0,570.85,12.73,2.12,38.42,"octopus, prawns, tuna, salmon, salmon caviar, japanese sticky rice, lava seaweed, wasabi, asparagus, shiitake mushrooms"
Kachumber Salad,1,0,0,1,1,50,0,2,10,"Cucumber, tomatoes, onions, cilantro, lemon juice, salt, black pepper, green chilies"
Kaleji Curry,0,1,1,0,0,266.32,11.25,1.61,37.37,"chillies nos, delicious kaleji curry is ready, coriander leaves, garlic pod, ginger 2 inch long, now add water and cook on flame till kaleji is tender and little gravy remain, oil, onion nos, fry onion, serve, spices: salt, tomatoes nos, yoghurt, garnish, then add kaleji, fry, kalegi, fry, kalegi"
Karela Sabzi,0,1,1,0,0,140,5,3,12,"Bitter gourd (karela), onions, garlic, tomatoes, cumin seeds, coriander powder, turmeric, garam masala, salt, oil."
Kari Kepala Ikan Bersama Belimbing Buluh (Fish Head Curry),0,1,1,0,0,357.7,26.35,8.76,5.9,"mustard seeds, chili powder, coconut milk, coriander powder, cumin powder, curry leaves, fennel powder, fenugreek/halba seeds, garlic paste, ginger paste, tenggiri/mackerel fish head - clean and chop into pieces, oil, onion paste, pepper powder, salt, turmeric/kunyit powder, belimbing buluh, belimbing buluh"
Kashmiri Chai (Low Sugar),1,0,0,1,0,80,2,3,8,"Green tea, milk, cardamom, cinnamon, crushed almonds, rose water (optional), salt, sugar (low or optional)"
Kashmiri Rogan Josh,0,1,1,0,0,778.01,62.51,26.8,7.65,"pch asafetida, beef broth, cayenne pepper, ginger, fennel seeds, garam masala, lamb, paprika, yogurt, salt, vegetable oil"
Keema,0,1,1,0,0,250,15,18,10,"Ground meat (usually mutton or beef), onions, garlic, ginger, tomatoes, peas, cumin, coriander, garam masala, turmeric, chili powder"
Kheer,0,0,1,1,1,190,8,4,25,"Rice, milk, sugar, cardamom, almonds, saffron, rose water (optional)"
Khichdi,1,1,1,0,0,150,2.5,5,30,"Rice, lentils (moong dal), onions, garlic, ginger, turmeric, cumin seeds, ghee, salt, water."
Kimchi,0,0,0,0,1,118.71,1.79,0.36,24.83,"napa cabbage, salt, scallions, garlic cloves, ginger root, ground chili pepper, sugar"
Kimchi/Kimchee/Gimchi (Korean Fermented Spicy Cabbage),0,0,0,0,1,223.31,6.94,1.23,45.08,"brown sugar, napa cabbages, coarse sea salt, fish sauce, garlic cloves, ginger, gochugaru, green onions, radish, rice flour, onion, saewujeot, saewujeot"
Kohlrabi Fries with Curry Ketchup,0,0,0,0,1,148.7,3.52,0.4,29.79,"kohlrabi, oil, ground paprika, curry powder, salt and pepper, tomato paste, water, apple vinegar, favorite curry powder, sugar, mustard, garlic powder, soy sauce, paprika powder, chili flakes"
Korean Beef Rice Bowl,0,1,1,0,0,669.24,25.01,8.26,78.7,"fat-trimmed beef flank steak, korean marinade, green beans, carrot, rice vinegar, asian sesame oil, sugar, salt, salad oil, fat-skimmed beef broth, rice, thinly- green onions, sesame seed"
Korean Bibim Naengmyun (Instant Spicy Cold Noodles),0,1,1,0,0,197.83,10.38,3.24,13.09,"alfalfa sprouts, cucumber, eggs, gochujang, kimchi, leaf lettuce, sesame seeds, bibim-myun packages"
Korean Bibimbab (Rice w Vegetables & Beef),0,1,1,0,0,776.58,39.91,11.48,64.35,"carrots, rice, eggs, cucumber, garlic clove, sprinkle gochugaru, gochujang, olive oil, sesame oil, sesame seeds, soy sauce, spinach, sandwich steaks"
Korean Candy Chicken,0,1,1,0,0,671.38,8.68,1.96,87.82,"rice, eggs, flour, soy sauce, sesame seeds, chicken breasts, sugar"
Korean Chicken Stew,0,1,1,0,0,444.73,14.36,3.34,52.7,"carrot, chicken drumsticks, kochujang chili paste, ginger and garlic paste, potatoes, rice wine, sesame oil, soy sauce, sugar"
Korean Dak Juk (Chicken Porridge),1,1,1,0,0,273.49,18.8,4.36,5.6,"carrot, 5 pieces chicken breasts, 6 garlic, salt, scallions, sesame oil, soy sauce, of water, zucchini, jjapsahl, jjapsahl"
Korean Honey Citron Tea Cheesecake,1,0,0,0,0,454.38,26.56,14.71,49.52,"butter, cream cheese, non-dairy topping cream, gelatin, korean honey citron tea paste, lemon juice, gelatin mix, marie biscuits, milk, sugar, water"
Korean Perilla Pesto,0,0,0,0,1,96.44,9.9,0.98,1.84,"pack of sesame leaves, pine nuts, garlic, extra virgin olive oil—the best you can afford, salt, pepper"
Korean Potato Salad,0,0,0,0,1,332.84,21.45,3.38,33.28,"russet potatoes, gala apple, korean pear, celery, salt, pepper, dressing, mayonnaise, sugar, pepper"
Korean Saewoo Bokkeumbap (Shrimp Fried Rice),0,1,1,0,0,528.18,13.53,3.92,66.03,"rice, vegetable oil, bell pepper, onion, kernel corn, carrot, garlic, shrimp, oyster sauce, soy sauce, butter, salt, scrambled eggs"
Korean Sweet n Sour Chicken,0,1,1,0,0,604.11,22.47,3.81,41.26,"carrots, chicken breasts, cider vinegar, corn starch, cornstarch, edamame, egg, flour, onion, pineapple juice, soy sauce, sugar, vegetable oil, water"
Korean-Style Hamburg Steak w Tomato Gravy,0,1,1,0,0,1242.86,80.19,28.15,66.01,"ground pork, onion, green onions, garlic cloves, panko breadcrumbs, salt and pepper, egg, olive oil, milk, tomato cherries, parmesan cheese, ketchup, garlic cloves, onion, flour, salt and pepper, sunny side up eggs, beef broth, ketchup, worcestershire sauce, cornstarch, salt and pepper"
Kulfi,0,0,0,1,1,250,15,5,20,"Milk, sugar, cardamom, saffron, pistachios, almonds, condensed milk, rose water"
Kung Pao Chicken With Peanuts,0,1,1,0,0,87.29,5.08,0.61,0.94,"chicken breasts, chili peppers, cornstarch, egg, garlic, oil, salt, scallion, scallions, sherry, soy sauce, water"
Kyuri Tsukemono,0,0,0,0,1,45.2,1.43,0.18,6.06,"to 4 japanese cucumbers, soy sauce, rice vinegar, sesame oil, chili peppers"
Lamb Chops Masala,0,1,1,0,0,419.04,15.12,8.18,56.82,"cayenne, coriander, ground roasted cumin seeds, remove all extra fat, punjabi garam masala, garlic, in piece of ginger, lamb chops from the, lemon juice, sized onions very, salt, tomatoes, yoghurt, or, or"
Lamb Coconut Tomato Curry Sauce,0,1,1,0,0,674.2,53.2,29.94,22.16,"coconut milk, curry powder, garlic, ginger, seasoning cubes, lamb, blended onions, vegetables, blended tomato, water, bell pepper, garnishing, garnishing"
Lassi (Sweet),1,0,0,0,1,180,8,5,20,"Yogurt, sugar, water, cardamom, rose water (optional)"
Lentil Soup,0,1,1,0,1,163,4,9,30,"Lentils, onions, garlic, carrots, celery, vegetable broth, salt, pepper, cumin, coriander powder, olive oil."
Luscious Palak Paneer,0,1,1,0,0,559.57,43.48,18.45,24.69,"baking powder, cardamom powder, cinnamon powder, coriander powder, cumin powder, cloves garlic, ginger, chilies, ground fennel, onion, paneer, salt, spinach, sunflower oil, tomatoes, turmeric, water"
Madras Beef Curry,0,1,1,0,0,568.96,37.09,10.92,35.55,"garam masala, ground cinnamon, curry powder, pepper, salt, cayenne pepper, brown sugar, garlic cloves, ginger, lemon juice, vegetable oil, beef, canned tomatoes, green onions, basmati rice"
Malay-Style Red Chicken Curry,0,1,1,0,0,357.34,21.65,4.08,25.74,"chicken drumsticks/thighs, turmeric poweder, onions, tomatoes, tomato puree, tomato ketchup, soya sauce, water, sugar, salt, vegetable oil, shallots, ginger, chilies, chilies, garlic"
Mango Fried Rice,0,1,1,0,0,486.24,4.03,1.03,95.36,"chicken stock, seasoning cubes, mango, rice, vegetables, scotch bonnet pepper"
Mango Shake,1,0,0,0,1,200,5,3,30,"Mangoes, milk, sugar, ice, cardamom (optional), rose water (optional)"
Masala Lamb Chops,0,1,1,0,0,526.98,25.94,7.67,8.56,"cumin, cilantro, garam masala, plump cloves of garlic, chiles, ground coriander, lamb chops, oil, chili powder, salt, turmeric powder"
Masala Raisin Chicken,0,1,1,0,0,318.53,24.52,3.92,12.76,"chicken, chili powder, raisins, ginger paste, garlic paste, onion paste, tomato, spices - 1 cinnamon, curry leaves, oil, salt"
Masala Roti/chapati( Spiced Indian Flat Bread),1,1,1,0,0,306.58,14.81,1.14,37.82,"wheat flour, all purpose flour, onion, turmeric powder, chili powder, garam masala, salt, oil as required, mustard seeds, cumin seeds"
Masoor Daal,0,1,1,0,0,200,3,10,26,"Masoor dal (red lentils), onions, garlic, ginger, tomatoes, cumin seeds, turmeric powder, coriander powder, chili powder, salt, oil."
Matar Pulao,0,1,1,0,0,250,6,5,35,"Rice, peas, onions, garlic, ginger, cumin seeds, cinnamon, cardamom, cloves, bay leaves, garam masala, salt, oil."
Meatball Curry (Kofta Curry),0,1,1,0,0,558.63,38.61,15.07,16.4,"beef, brown sugar, cardamon pods, carrot, coriander, coriander powder, cumin powder, cumin seeds, egg, garam masala, garam masala, garlic paste, ginger paste, chilli, chilli, mustard seeds, onion, salt, salt & pepper, tomato paste, turmeric powder, water, yoghurt"
Methi Chicken (Fenugreek Chicken),0,1,1,0,0,180,5,20,3,"Chicken, fenugreek leaves (methi), onions, garlic, ginger, tomatoes, turmeric, chili powder, garam masala, salt, oil"
Minced Beef Curry,0,1,1,0,0,513.27,31.58,11.72,25.59,"mince beef, onion, cardamon pods, garlic, ginger, turmeric powder, coriander powder, cumin powder, chilli powder, garam masala, cumin seeds, tomato paste, peas, chilli, some coriander"
Minced Mutton Curry,0,1,1,0,0,410.38,28.82,9.92,25.66,"cardamon pods, cilantro leaves, cinnamon stick, coconut milk, cooking oil, coriander powder, cumin powder, curry leaves, curry powder, garlic, ginger, ground lamb, onion, potatoes, salt, star anise, water"
mint raita,0,0,0,0,1,108.9,0.96,0.19,11.13,"cucumber, cumin, coriander leaves, mint leaves, greek yogurt, chili, onions, salt, to"
"Mint, Fennel and Garlic Naan",0,0,0,0,1,221.34,4.45,1.47,36.58,"brown sugar, flax meal, garlic, warm milk, mint and fennel leaves, nutritional yeast, salt, unbleached flour, f water, rapid rise yeast"
Miso Soup With Thin Noodles,0,1,1,0,0,114.1,1.57,0.22,20.86,"water, spinach, block of tofu, shitaki mushrooms, chives, onion, thai kitchen rice noodles, ginger, parsnip, baby carrots, zucchini, pepper flakes-taste as you go to adjust flavors, ginger powder-taste as you go to adjust flavors"
Mixed Fruit Salad,1,0,0,1,1,112,0.3,1,29.8,"Mixed seasonal fruits (e.g., apple, banana, grapes, orange, pineapple, pomegranate), lemon juice, mint leaves."
Mixed Lentil Soup,1,1,1,0,1,160,3,9,20,"Mixed lentils (yellow, red, green), onion, garlic, ginger, cumin, coriander powder, turmeric, salt, water"
Monte Cristo Egg Rolls,1,0,0,0,0,168.09,5.29,2.44,21.84,"deli forest ham, deli honey ham, deli turkey, egg roll wraps, strawberry jam, deli baby swiss cheese"
Mughlai Malai Kofta Curry,0,1,1,0,0,441.46,6.1,2.99,85.35,"chilli powder, thai chillies, coriander powder, cornflour/ corn starch, cilantro, garam masala, garlic paste, ginger paste, golden raisins, chillies, cream / half & half, cmin powder, % milk, onions, paneer, paneer, carrot & peas, potatoes, salt, tomato puree, turmeric powder, shah jeera"
Murg Malai Tikka,0,1,1,0,0,375.92,23.29,12.34,6.57,"chicken breast, onions, ghee/butter/oil, lemon juice, heavy cream, cream, mozzarella cheese, garlic paste, ginger paste, ghee [clarified butter], cumin powder, coriander powder, chilli powder, pepper powder [adjust to taste], cinnamon powder, saffron strands [optional], kasuri methi [dried fenugreek leaves, orange food color [optional], kosher salt"
mushroom curry,0,1,1,0,0,204.28,14.87,1.15,15.38,"chili slit, cumin, curry leaves, ginger garlic paste, peas, meat masala, mushrooms, mustard, oil, onions, chili powder, salt, tomato, turmeric"
mushroom masala,0,1,1,0,0,191.63,15.66,2.44,10.6,"bay leaf, capsicums, cinnamon, desiccated coconut, ginger garlic paste, kasuri methi, oil, onions, chili powder, roasted peanuts, salt, roasted sesame seeds, tomatoes, turmeric, button mushrooms, to"
Mussels In Curry Sauce,0,1,1,0,0,291.07,23.76,14.6,6.75,"butter, curry powder, garlic, clear cherry brandy - kirsch, whipping cream, debeared, debeared"
Mutton Pulao,0,1,1,0,0,310,15,18,40,"Mutton, basmati rice, onions, garlic, ginger, yogurt, cumin, cardamom, cloves, cinnamon, coriander, bay leaves"
Mutton Stew (Paya),0,1,1,0,0,250,8,18,5,"Mutton (with bones), onions, garlic, ginger, tomatoes, garam masala, cinnamon, cardamom, coriander, turmeric, salt, water"
My Asian Calamari,0,1,1,0,0,562.85,5.38,0.75,106.56,"all spice powder, all purpose flour, baking powder, oil, cornstarch, curry powder, egg white, ground pepper, paprika, salt, squid rings, sugar"
My Asian Fried Fish Fillet,0,1,1,0,0,354.62,3.5,1.03,59.66,"all spice, baking powder, fish fillet, corn flour, curry powder, eggs, ground pepper, rice wine, soy sauce, sugar"
My Chicken Korma,0,1,1,0,0,314.54,24.88,15.22,4.78,"chicken breast, coconut milk, coriander powder, cumin powder, ginger/garlic paste, ground almond, oil, poppy seeds, raisins, salt"
Neoguri (Spicy Seafood Ramen),0,1,1,0,0,480.54,18.6,8.02,57.15,"egg, mussels, neoguri ramen, scallion, seaweed"
Okra (Bhindi),0,1,1,0,0,90,5.3,2,9,"Okra (bhindi), onions, garlic, ginger, green chilies, cumin seeds, coriander powder, turmeric powder, garam masala, salt, oil, fresh cilantro (for garnish)."
onion raita,0,0,0,0,1,103.29,4.03,2.58,12.52,"coriander leaves, chilies, onions, salt, indian yogurt"
Orange Teriyaki Chicken,0,1,1,0,0,440.89,12.4,2.67,35.58,"chicken thighs, kosher salt, pepper, garlic, grapeseed oil, sesame oil, ginger, onion, brown sugar, soy sauce, honey, apple cider vinegar, juice of orange, sriracha, cornstarch, water"
Oranges,1,0,0,1,1,62,0.2,1.2,15.4,Oranges
Oriental Filet Mignon on Crisp Kataifi with Shrimp Tempura,0,1,1,0,0,662.37,27.36,6.33,75.39,"filet mignon steaks, wine, each: soy sauce, ginger, garlic, pepper flakes, rice vinegar, water shrimp, egg whites, corn starch, panko, kataifi pastry, oil"
Pachai Payaru Kulambu (Green Moong Dal Curry),0,1,1,0,0,337.85,12.73,8.91,43.22,"pachai payaru/green moong dal - soaked, garlic - remove skin, shallots - remove skin, ginger, turmeric powder, tomato - thinly, curry powder, coconut milk/cream, salt, ghee/butter/oil, cumin seeds, chilies - to tiny pieces, curry leaves"
Pakistani Samosa,0,0,1,1,1,150,8,3,18,"Potatoes, peas, onions, coriander, cumin, turmeric, chili powder, garam masala, flour (for pastry)"
Pakora,0,0,1,1,1,110,6,2,10,"Chickpea flour, potatoes, spinach, onions, cumin, coriander, turmeric, garam masala, chili powder, oil for frying"
Palak Gosht,0,1,1,0,0,583.48,10.56,1.7,58.85,"fry onion till golden brown, chillies nos, coriander bunch, garlic pod, ginger long 2 inch, then add water i and cook on flame till meat is tender, add meat and fry, oil, onion nos, serve, delicious palak gosht is ready, spices: salt, tomatoes nos, boil palak in water, mutton, now add palak and cook, palak, mutton, now add palak and cook, palak"
Palak Paneer,0,1,1,0,0,300.96,24.42,12.28,5.14,"spoon butter, cheese, chillies, garam masala, oil, spoon salt, spinach, tomato"
Pan Seared Fresh Maine Diver Scallops Creamy Avocado Champagne Grape Salad Teriyaki Cabernet Butter Sauce,0,1,1,0,0,573.6,39.34,7.04,31.27,"avocado, cabernet, champagne grapes, maui maid teriyaki, olive oil, salt/pepper, u10 maine diver scallops, butter"
paneer butter masala,0,1,1,0,0,268.25,22.01,10.3,10.42,"bay leaf, butter, cardamom, cashew nuts, cinnamon stick, coriander powder, fenugreek leaves, garam masala powder, garlic gratedor paste, ginger, oil, onions, paneer / indian cottage cheese, tomatoes, turmeric, to"
Paneer jalfrezi,0,1,1,0,0,326.53,19.29,2.91,26.45,"paneer, oil, cumin seeds, tomato, tomatoes, onion, bell pepper, turmeric powder, chilli powder, chillies, chillies, ginger, garam masala, sugar, vinegar, coriander, salt"
Paneer Tikka,0,1,1,0,1,220,14,12,5,"Paneer (cottage cheese), yogurt, ginger-garlic paste, red chili powder, turmeric, garam masala, cumin powder, lemon juice, oil"
Papaya,1,0,0,1,1,59,0.2,0.9,15,Papaya
Paratha,1,0,0,0,0,230,10,4,30,"Whole wheat flour, water, salt, ghee or oil, optional stuffing (potato, paneer, or vegetables)"
Paratha Roll,1,0,1,1,0,300,12,15,35,"Paratha (whole wheat flour, water, salt, ghee/oil), chicken or beef (grilled or cooked), onions (sliced), tomatoes (sliced), lettuce (optional), mayonnaise, ketchup (optional), green chutney (optional)."
Peaches,1,0,0,1,1,59,0.4,1.4,14,Peaches
Peshawari Chappal Kebab,0,1,1,0,0,190,6,18,5,"Ground meat (beef or mutton), onions, garlic, ginger, cilantro, green chilies, garam masala, cumin, coriander, egg, flour"
Pho With Zucchini Noodles,0,1,1,0,0,322.02,5.8,1.89,22.35,"top sirloin steak, zucchini, cinnamon sticks, star anise, cloves, beef bone broth, ginger, soy sauce, fish sauce, bean sprouts, cilantro, basil, jalapeño pepper, steams green onion, sriracha, hoisin sauce, lime wedges"
Phyllo Dough Baked Spring Rolls,0,0,0,0,1,92.13,1.79,0.38,15.08,"if non-vegetarian: add baby shrimp, approx. bean sprouts, cabbage, carrots, chili, chives, fish sauce, basil, coriander, thumb-size piece galangal, garlic, green onions, lime juice, phyllo dough, shiitake mushrooms, regular soy sauce, sugar, to tofu"
Pickled Asian Ginger Salad,0,0,0,0,1,176.12,5.19,0.72,31.13,"sesame seeds, carrot, cucumber, daikon, ginger, rice vinegar, sesame oil, sugar"
Pineapple,1,0,0,1,1,50,0.1,0.5,13,Pineapple
Pork Fried Rice,0,1,1,0,0,634.58,26.27,5.68,55.5,"rice, eggs, ginger, green onions, hoisin sauce, soy sauce, pork loin, onion, sesame oil, vegetable oil, sugar, vinegar"
Prawn Curry,0,1,1,0,0,446.46,15.87,1.61,48.54,"basmati rice, pods cardamom, cinnamon, cumin, ginger juice, ground chili, ground coriander, ground turmeric, oil, onions, potatoes, prawns, salt, sugar, tomatoes, yogurt"
Pulao,0,1,1,0,0,280,10,8,40,"Basmati rice, onions, garlic, ginger, cumin, cloves, cinnamon, bay leaves, peas, carrots, coriander"
Pumpkin Curry (Kaddu ki Sabzi),0,1,1,0,0,100,3,3,15,"Pumpkin, onions, tomatoes, garlic, ginger, cumin, coriander powder, turmeric, chili powder, salt, oil"
Quinoa Salad,1,1,1,0,0,120,1.9,4.1,21,"Quinoa, cucumber, tomatoes, red onion, parsley, lemon juice, olive oil, salt, pepper."
Red Curry Stew & Vegetable Noodles,0,1,1,0,0,253.88,11.48,5.42,28.44,"basil leaves, cabbage, carrots, fish sauce, garlic, ginger, coconut milk, lime juice, olive oil, potato, curry paste, onion, sea salt, tofu, vegetable stock, squash, zucchini"
"Red Lentil Curry (Vegan, Gluten Free)",0,1,1,0,0,127.95,2.43,0.36,20.72,"brown sugar, chili powder, cinnamon, curry powder, fennel, garlic, ginger root, ground cumin, ground turmeric, mustard seed, lentils, salt, tomato puree, tomatoes, vegetable oil, onion"
Repost - Japanese Cotton Cheesecake,1,0,0,0,0,241.89,19.19,10.78,9.43,"vanilla flavor, butter, corn flour, cheese cream, cream of tartar, egg whites, egg yolks, full cream milk, flour, sugar"
Rice and Peas with Coconut Curry Mackerel,0,1,1,0,0,625.33,33.9,24.08,50.98,"coconut milk, corn starch, curry powder, garlic, seasoning cubes, mackerel, bulb of onion, kidney beans, rice, scotch bonnet peppers"
Rice Noodles With Wonton/chinese Ravioli In Mushroom Sauce,0,1,1,0,0,396.13,27.23,6.47,12.99,"half carrot, cornstarch, shiitake mushrooms, garlic, oyster sauce, pepper, pork, prawns, rice noodles, sesame oil, soya sauce, spring onions, vegetable oil, water, wonton wrappers"
Ridiculously Easy Naan,0,0,0,0,1,124.83,2.48,0.63,22.8,"baking powder, baking soda, canola oil, milk, salt, flour"
Roasted Acorn Squash Stuffed W/spicy Biryani (Veg/vegan),0,1,1,0,0,514.11,12.58,2.07,94.82,"acorn squashes, basmati rice soaked in water, water, garam masala, onion, peppers, cashew nuts- a bit, saffron, cilantro, biryani paste- recipe below, onion, salt, coarse pepper, pam original flavor, vegetable oil, onion, beefsteak tomato, garlic, ginger, chili powder, cilantro, hefty biryani paste, vegetable oil"
Roasted Chickpeas,0,0,1,1,1,134,2.2,7.3,20,"Chickpeas, olive oil, salt, pepper, cumin, paprika, garlic powder."
Roghni Naan (Whole Grain),0,1,1,0,0,200,5,6,30,"Whole wheat flour, yeast, sugar, salt, water, yogurt, ghee, nigella seeds (optional)"
Roti (Whole Wheat),0,1,1,0,0,120,0.5,3,20,"Whole wheat flour, water, salt"
Saag,0,1,1,0,0,100,2,5,12,"Mustard greens, spinach, garlic, ginger, green chilies, onions, ghee, cornmeal, salt, cumin, garam masala"
Saffron Chicken Tikka,0,1,1,0,0,160.17,3.72,0.82,4.71,"chicken breasts, cinnamon stick, cardamom seeds, cardamom seeds, cloves, chillies, garlic paste, ginger paste, pepper corns, saffron, milk, salt, skewers, skewers"
Salmon and Brown Rice Eggrolls,0,1,1,0,0,175.28,3.7,0.43,28.83,"left over brown rice, canola oil, sized carrots, eggroll wrappers, garlic, ginger, green onions, ground pepper, salmon, salt, soy sauce"
salmon fried rice,0,1,1,0,0,444.05,11.68,2.36,56.94,"brown sugar, cilantro, eggs, garlic, ginger, green onions, olive oil, peas, bell pepper, onion, day old rice, salmon in chunks, soy sauce"
Salted Mint Lassi,1,0,0,0,0,89.08,0.71,0.17,6.26,"cumin seeds, mint leaves, yogurt, kosher salt, water"
Seekh Kebab,0,1,1,0,1,200,12,20,5,"Ground meat (usually beef, chicken, or mutton), onion, garlic, ginger, cilantro, green chilies, garam masala, skewers"
Shalgam Sabzi,0,1,1,0,0,130,4,3,15,"Turnips (shalgam), onions, garlic, tomatoes, cumin seeds, turmeric, coriander powder, chili powder, salt, oil."
Shaljam Gosht (Turnip + Meat),0,1,1,0,0,200,6,15,5,"Mutton, turnips (shaljam), onions, garlic, ginger, tomatoes, cumin, coriander powder, garam masala, turmeric, chili powder, salt, oil"
Sheer Khurma,1,0,0,1,1,210,10,5,25,"Vermicelli, milk, sugar, dates, cardamom, almonds, pistachios, rose water, ghee"
Shrimp & Crab Egg Rolls,0,0,0,0,1,313.27,4.39,0.78,51.49,"bean sprouts, carrots, imitation crab, shrimp, garlic cloves, brown sugar, green onions, egg roll wrappers, egg, vegetable oil, salt and ground pepper, chili sauce"
Shrimp Fried Rice,0,1,1,0,0,399.2,8.1,4.28,60.33,"basil leaves, pepper, butter, chicken bouillon cube, curry powder, egg, garlic, ginger, cooking spoon of olive oil, bulb of onions, rice, vegetables, salt, shrimps, soy sauce, thyme, pepper"
Simple Garlic Butter Naan,0,0,0,0,1,446.07,20.69,12.6,51.52,"flour, greek yogurt, baking powder, salt, garlic, butter, ghee"
Skinny Veggie Fried Rice,0,1,1,0,0,156.9,8.56,1.22,18.89,"sesame oil, ginger, garlic, mushrooms, baby corns, green onions white part, size carrot, bell pepper, soy sauce, salt, bell pepper, sesame seeds"
Slow Cooker Lamb Curry,0,1,1,0,0,566.53,24.02,8.68,18.12,"baking potatoes, beef broth, butter, cilantro, curry, fennel powder, garam masala, garlic, ginger, lamb stew meat, mushrooms, olive oil, onion, oregano, yogurt, rosemary, salt, tomato paste"
Soba Noodle In Kombu Dashi With Teriyaki Salmon,0,1,1,0,0,363.15,18.13,2.79,11.67,"salmon filet/loin, sake, soya sauce, mirin, sugar, vegetable oil, water, kombu, soba, goji berries, sesame seeds"
Sohan Halwa,0,0,0,1,1,180,9,2,18,"Sugar, ghee, milk, water, corn starch, cardamom, saffron, almonds, pistachios"
Southwest Egg Rolls with Cilantro Lime Pesto,0,1,1,0,0,192.41,14.79,2.03,13.92,"cilantro, garlic, almonds, juice of lime, olive oil, salt & pepper, egg roll wrappers, bell pepper, corn, black beans"
Spiced Lassi,1,0,0,0,0,43.6,0.96,0.54,6.04,"yogurt, water, chilli, shallot, roasted cumin seeds, corriander leaves, salt, ice cubes"
Spicy Black-Eyed Pea Curry with Swiss Chard and Roasted Eggplant,0,1,1,0,0,128.72,2.2,0.34,23.17,"black-eyed peas, curry powder, garam masala, globe, ground coriander, ground cumin, ground mustard powder, juice of lemon, olive oil, chilies, sea salt, shallots, swiss chard, tomato, water"
Spicy Coconut Chicken Curry,0,1,1,0,0,273.08,9.88,4.43,30.24,"butter, rice, jalapeño, olive oil, onion, bell pepper, chicken breasts, thai curry paste, squash"
"Spicy Coconut Curry With Peppers, Pak Choi and Tomatoes",0,1,1,0,0,496.68,45.14,39.15,24.31,"coconut cream, tomato, bell pepper, pak choi, an onion, chilli paste, chutney, sugar, coconut oil, water"
Spicy Korean Bbq Pork,0,1,1,0,0,156.84,4.5,1.25,6.73,"pork loin, brown sugar, chili garlic sauce, ginger, garlic cloves, rice vinegar, sesame oil, soy sauce"
Spicy Thai Pork Lettuce Wraps,0,1,1,0,0,491.59,35.52,14.67,15.44,"ground pork, coconut oil, chilli flakes, palm sugar, fish sauce, lime juice, shallots, cilantro, spring onion, handful, lettuce"
Spinach and Chicken Curry,0,1,1,0,0,180,5,18,4,"Chicken, spinach, onions, garlic, ginger, tomatoes, green chilies, cumin, coriander powder, garam masala, turmeric, salt, oil"
Spinach Chickpea - Palak Chana Rice,0,1,1,0,0,632.26,19.34,4.26,102.36,"cardamom, chickpeas, cinnamon stick, coconut, ginger garlic paste, chilies, oil, onion, basmathi rice, salt, spinach leaves, water"
Spinach Salad,1,1,1,0,1,41,0.4,2.9,3.6,"Fresh spinach, olive oil, lemon juice, garlic, walnuts, feta cheese, salt, pepper, pomegranate seeds (optional)."
Strawberries,1,0,0,1,1,32,0.3,0.7,7.7,Strawberries
Strawberry and Banana Lassi,1,0,0,0,0,311.63,1.79,0.32,63.59,"banana, evaporated cane sugar, curry powder, non-fat greek yogurt, non-fat milk, strawberries"
Sweet & Sour Chicken with Lychees,0,1,1,0,0,329.07,19.41,2.36,11.12,"chicken thigh meat, egg white, corn flour, salt, pepper, cooking oil, cucumber, onion, garlic, lychees, liquid from the lychees above, oyster sauce, ketchup, sugar, shaoxing huatiao cooking wine, salt and pepper, chives/spring onions to garnish"
Sweet & Spicy Thai Relish,0,0,0,0,1,83.04,0.64,0.09,18.1,"chile de arbols, fish sauce, garlic, grape tomatoes, lime juice, very onion, bell pepper, sugar"
"Sweet Potato Kimchi Hash Brunch - gluten free, dairy free, vegetarian",1,0,0,0,0,279.84,11.41,7.22,37.07,"coconut oil plus extra 2-3 tablespoons, onions, garlic, sweet potatoes, kimchi, kosher salt, pepper, agave nectar, gf sherry vinegar, chives plus 1 tablespoon, arugula, vegetarian option: one fried egg"
Taco Egg Roll,1,0,0,0,0,190.52,11.57,4.41,9.99,"ground beef, taco seasoning, egg roll wrappers, mexican cheese"
Tandoori Chicken Breast,0,1,1,0,0,220,5,30,2,"Chicken breasts, yogurt, ginger-garlic paste, tandoori masala, red chili powder, turmeric, garam masala, lemon juice, salt, oil"
"Teriyaki Flank Steak Sandwich With Napa Cabbage, Red Bell Peppers & Carrots",0,1,1,0,0,309.68,10.05,2.89,30.56,"brown sugar, canola oil, carrot, flank steak, flour, ginger, garlic, napa cabbage, bell pepper, rice vinegar, salt and pepper, sesame seeds, soya sauce, water, tortillas"
"Thai ""Chicken"" Wraps",0,1,1,0,0,372.65,26.96,4.4,12.8,"of faux chicken strips, soy sauce, sesame oil, sesame seeds, of mung bean sprouts, of broccoli slaw mix, of basil, sugar, rice wine vinegar, sea salt, ground pepper, romaine lettuce leaves, of natural peanut butter, soy sauce, rice wine vinegar, sesame oil, of peanuts"
Thai Basil Chicken With Green Curry,0,1,1,0,0,490.69,34.04,22.94,19.19,"vegetable oil, onion, bell pepper, garlic, chicken breasts, chicken stock, coconut milk, fish sauce, brown sugar, curry paste, salt and pepper, thai basil leaves, chilies"
Thai Coconut Beetroot Soup,0,1,1,0,0,321.76,27.55,19.2,19.37,"beetroot, bell pepper, coconut milk, lemon juice, onion, salt, thai curry paste, vegetable oil, vegetable stock"
Thai Coconut Curry Lentil Soup,0,1,1,0,0,232.79,8.47,5.61,27.81,"cilantro, garlic, ginger, coconut milk, olive oil, onion, lentils, salt, sweet potato, thai curry paste, turmeric, water"
Thai Coconut Curry Soup,0,1,1,0,0,217.75,15.41,5.85,11.43,"coconut milk, worth of water, curry paste, ginger paste, snow peas, string beans, carrot, of thai basil leaves, lime juice, soy sauce, a few es of sesame oil, chili powder, tofu, salt, bell pepper, pepper"
Thai Cucumber Salad (By Roz),0,0,0,0,1,178.83,11.4,1.7,16.88,"cilantro, cucumbers, jalapeno pepper, lime juice, lime zest, onions, pepper flakes, rice wine vinegar, chop roasted peanuts, salt, coconut & sesame oil, soy sauce, sugar, thai garlic chili pepper sauce, pepper"
Thai Fish Cakes,0,1,1,0,0,473.1,21.76,3.2,32.57,"corn flour, egg, fish sauce, coriander leaves, green beans, oil, chilli, curry paste, salt, spring onion, fish fillets"
Thai Green Mango Salad,0,0,0,0,1,132.78,3.86,0.61,24.93,"fish sauce, thai palm sugar, limes, to 3 chilli padis, garlic, shallots, shrimps, tomato, carrot, mangoes, long beans, roasted coarse peanuts"
Thai Massaman Curry,0,1,1,0,0,463.32,33.16,14.87,22.34,"lamb, potatoes - remove skin, bay leaves, fish sauce, lime juice, coconut milk, oil, salt ), chilies, peppercorns, cumin seeds, cloves, cardamoms, roasted belacan, galangal, coriander leaves, lemongrass, shallots, garlic, lime rind"
Thai Pasta Salad,0,0,0,0,1,556.69,16.36,2.43,91.64,"broccoli, chili sauce, cilantro leaves, fish sauce, garlic, hoisin sauce, lemon juice, olive oil, onions, peppers, salt and pepper, soy sauce, spaghetti"
Thai Red Curry,0,1,1,0,0,332.17,16.13,12.65,29.87,"bamboo shoots, brown sugar, chicken breast, coconut milk, fish sauce, onions, pineapple chunks, bell pepper, curry paste, snow peas"
Thai Sausage Salad,0,0,0,0,1,990.22,68.63,22.57,47.05,"sausages, cucumbers, bean sprouts, green onions, cilantro leaves, chili pepper, jasmine rice, lime juice, granulated sugar, thai fish sauce, soy sauce"
Thai Savory Brown Fried Rice,0,1,1,0,0,641.16,41.46,20.41,60.63,"extra virgin olive oil, garlic cloves, chili peppers, cashew nuts, coconut, stevia powder, bragg liquid aminos, apple cider vinegar, flax egg, green beans, regular bok choy, brown rice, lime wedges"
Thai Shrimp,0,1,1,0,0,354.75,7.31,1.83,43.87,"basil leaves, chicken stock, rice, fish sauce, green onions, peanut oil, chilies, shrimp, soy sauce, sugar"
Thai Stir-Fry Chicken With Cashew Nuts,0,1,1,0,0,214.87,7.44,1.45,9.25,"chicken breast, onion, garlic, green onion, chilies, thai chili paste, cashew nuts, soy sauce, soy sauce"
Thai Street Food Made at Home - Crazy Easy and Crazy Delicious in 30 Minutes,0,1,1,0,0,220.69,3.45,0.85,6.97,"ground pork, shallot, habanero, scallions, cilantro, mint leaves, fish sauce, sugar, juice of lime, maldon salt"
Thai Tofu With Bok Choy,0,1,1,0,0,175.04,9.16,1.32,14.62,"bok choy, brown sugar, carrots, chili paste, corn starch, block extra tofu, fish sauce, oyster sauce, sesame oil, soy sauce"
Thai Veggie Slaw with Peanut Dressing and Crispy Wontons,0,0,0,0,1,419.83,31.45,3.36,29.07,"wonton wrappers, five spice, cayenne, dry-roasted peanuts, canola oil, lime juice, fish sauce, brown sugar, sriracha, ginger, garlic clove, napa cabbage, a head of cabbage, snow peas, bell pepper, carrots, scallion, cilantro leaves"
Thai-Style Fish,0,1,1,0,0,21.06,1.1,0.16,2.5,"basil leaves, cayenne, fish, garlic, ginger, green onions, salt and pepper, sesame oil"
Thai-Style Mussels,0,1,1,0,0,207.76,8.6,1.39,8.72,"wine, garlic, stem lemongrass, mussels, olive oil, chilies, thai basil leaves, water"
Thai-Style Sticky Rice & Mango Dessert Shots,1,0,0,0,0,194.52,9.72,8.44,26.06,"coconut milk, mint leaves, mangos, salt, freshly short-grain, sugar"
The Easiest Beef Pho,0,1,1,0,0,383.86,0.79,0.18,72.66,"bone broth, ginger, onion, cinnamon sticks, star anise pods, garlic clove, fish sauce, rice noodles, beef tenderloin, mint leaves, lime, green onion"
Thinly Sliced Beef Yakitori,0,1,1,0,0,593.16,36.89,8.9,39.05,"mirin, soy sauce, rice vinegar, sesame oil, brown sugar, garlic, ginger, jalapeno pepper, orange peel, flap steak, cornstarch, water, canola oil, rice, sesame seeds"
Tomato Soup,0,1,1,0,1,74,2.6,2.2,11,"Tomatoes, onions, garlic, carrots, celery, vegetable broth, salt, pepper, olive oil, herbs (basil, thyme)."
Tonkatsu,0,1,1,0,0,166.88,8.21,2.29,6.04,"egg, flour, tonkatsu sauce, panko bread crumbs, pepper, pork chops, salt, vegetable oil"
Trinidadian Chicken Potato Curry,0,1,1,0,0,574.02,37.16,10.19,25.3,"chicken thighs, onion, garlic cloves, thyme, hot sauce, powdered ginger, curry powder, coconut oil, cilantro, scallion, vegetable oil, onion, garlic cloves, curry powder, amchar masala, cumin, salt, water, potatoes"
Tropical Thai Chicken Curry,0,1,1,0,0,433.14,27.36,21.86,22.72,"coconut milk, fish sauce, basil leaves, lime leaves, mango, palm sugar, pineapple, curry paste, chicken breast, water"
Vegan Chana Masala Curry,0,1,1,0,0,478.01,27.88,12.82,48.43,"cooking oil, onions, ginger, garlic paste, ground cumin, chilli powder, ground coriander, ground turmeric, garam masala, ground pepper, salt, coconut sugar, canned tomatoes, chickpeas, water, coconut cream"
Vegetable Fried Wontons,0,0,0,0,1,53.66,2.94,0.23,5.71,"scallion, jicama, carrot, celery, ginger, garlic, soy sauce, oyster sauce, honey, rice wine, chicken broth, wonton wrappers, canola oil, cinnamon, sauce"
Vegetable Handi,0,1,1,0,0,190,7,4,18,"Mixed vegetables (carrots, peas, potatoes, cauliflower), onions, tomatoes, garlic, ginger, cumin, coriander powder, turmeric, garam masala, chili powder, salt, oil."
Vegetable Paneer Skewers Or Paneer Tikka,0,1,1,0,0,53.14,3.06,0.93,5.58,"bell pepper, onion, tomato, paneer 1"" x 1"", olive oil, yogurt, olive oil, ginger garlic paste, salt& chilli powder, chaat masala, jeera powder, chilli and 3 cilantro"
Vegetarian Chinese Pot Stickers,0,0,0,0,1,152.51,14.15,2.16,5.79,"won ton wrappers, mushrooms, soy sauce, sriracha hot sauce, ginger, garlic, scallions, little cornstarch, little vegetable oil, water"
Vietnamese Banh Mi,0,1,1,0,0,476.74,21.42,4.11,46.23,"rolls, loin. thinly, garlic, fish sauce, sugar, ground pepper, onion, vegetable oil, sesame seed oil, mayo, cilantro sprigs, pickled carrot and daikon, pate, cucumber, jalapeno"
"Vietnamese Beef-Noodle Soup With Asian Greens, Okay Vietnamese/japanese",0,1,1,0,0,346.41,10.61,3.78,42.24,"baby bok choy leaves, brown sugar, cardamom pods, fish sauce, basil leaves, bean sprouts, ginger, mint leaves, garlic cloves, less-sodium beef broth, lime wedges, less-sodium soy sauce, miso, wide rice stick noodles, sesame oil, sirloin steak, snow peas, star anise, thai chile, water, onion"
Vietnamese Noodle Salad With Tofu,0,1,1,0,0,816.27,39.72,5.69,92.18,"broccoli florets, cane sugar, carrot, cucumber, fish sauce, garlic gloves, centimeters ginger, handfull herbs, iceberg leaves, juice of lime, peanuts, bell pepper, chili, rice noodles, rice vinegar, sesame oil, soya, spring onion, tofu, water"
"Vietnamese Pancakes with Vegetables, Herbs and a Fragrant Dipping Sauce (Bánh Xèo)",0,1,1,0,0,389.7,22.48,13.87,42.92,"brown rice flour, brown sugar, carrot, cayenne, coconut milk, daikon radish, egg, enoki mushrooms, basil leaves, ginger, mint leaves, parsley, garlic, chili, chilies, green onions, juice of lime, mung bean sprouts, chilies, rice vinegar, sea salt, sesame oil, sesame oil, snow peas, tamari sauce, turmeric"
Vietnamese Spring Rolls,0,0,0,0,1,220.32,2.05,0.24,24.4,"bean sprouts, carrots, birdeye chillies, fish sauce, garlic, lime juice, rice wrappers, rice vermicelli, rice vinegar, caster sugar, thai basil, tiger prawns"
Walnut Dark Chocolate Truffles,1,0,0,0,0,138.71,11.99,3.91,7.1,"walnuts, chocolate, butter, dulce de leche, raisins, cranberries"
Watermelon,1,0,0,1,1,30,0.2,0.6,8,Watermelon
Winter Kimchi,0,0,0,0,1,365.4,3.36,0.67,73.22,"napa cabbage, brine solution, chilly paste / korean gochujang paste, bowl rice, radish, spring onions, chilly flakes, sugar, garlic bulb, fermented baby shrimps/ cincalok, fish sauce"
Xocai Oatmeal Dark Chocolate No-Bake Cookies,1,0,0,0,0,265.4,15.95,3.32,27.8,"butter substitute, xocai healthy chocolate nugget, oats, peanut butter, soy milk, sugar substitute, vanilla"
Yakitori Glaze,0,0,0,0,1,392.75,0.23,0.01,59.51,"ginger, mirin, sake, japanese soy sauce, sugar, tamari"
